device,corner,length_um,temp_c,gm_id_target_per_v,vov_v,gm_gds,ft_hz
nfet,ff,0.15,-40.0,20.0,-0.07406911414549565,20.210795800398405,24883507147.98015
nfet,ff,0.15,-40.0,15.0,-0.010030320971331495,16.58123571453345,51434802225.481926
nfet,ff,0.15,-40.0,10.0,0.06950609310721077,13.366299186691975,84760258672.2273
nfet,ff,0.15,-40.0,5.0,0.2120386702265282,9.89023561897678,109703803944.75453
nfet,ff,0.15,27.0,20.0,-0.11377711957766529,20.97208197663938,11014926493.341673
nfet,ff,0.15,27.0,15.0,-0.02388122053272385,17.431374853420067,35003959491.406235
nfet,ff,0.15,27.0,10.0,0.06994884080800623,13.989144959843623,67566971060.381424
nfet,ff,0.15,27.0,5.0,0.22668533885986875,10.213320257377646,95124611567.54172
nfet,ff,0.15,125.0,20.0,,,
nfet,ff,0.15,125.0,15.0,-0.07538396480812518,17.571184769904328,12529141915.201145
nfet,ff,0.15,125.0,10.0,0.07637849840036044,14.890830794752453,48130572647.863014
nfet,ff,0.15,125.0,5.0,0.25982307824174367,11.059601760117728,81693273407.77841
nfet,ff,0.3,-40.0,20.0,0.033702358158583,70.41102471498034,6884134353.355427
nfet,ff,0.3,-40.0,15.0,0.0890256917706689,66.52539063179,12908527064.474493
nfet,ff,0.3,-40.0,10.0,0.16231636949418352,58.08539805799554,20399669066.02605
nfet,ff,0.3,-40.0,5.0,0.32174440037633206,40.338441473060044,30237457346.83493
nfet,ff,0.3,27.0,20.0,0.01263388388838179,70.64384128021399,3432856548.625785
nfet,ff,0.3,27.0,15.0,0.0895607294685232,67.47135211530215,9235319974.866495
nfet,ff,0.3,27.0,10.0,0.17183493101163344,58.28441872142398,16134400675.258268
nfet,ff,0.3,27.0,5.0,0.3367272894323263,39.12138219375149,24511458584.83734
nfet,ff,0.3,125.0,20.0,-0.3764351949179293,60.080160450332755,2746413.245176994
nfet,ff,0.3,125.0,15.0,0.07807905137293546,68.03726170558544,4670736273.117453
nfet,ff,0.3,125.0,10.0,0.19460859341457357,59.25399857224875,12332774427.432043
nfet,ff,0.3,125.0,5.0,0.36873044960963414,38.164877579252476,19944641454.44055
nfet,ff,0.6,-40.0,20.0,0.02987420018184416,181.6515312313098,1561492978.5480497
nfet,ff,0.6,-40.0,15.0,0.0889491643471878,162.4053577132021,3098460877.106991
nfet,ff,0.6,-40.0,10.0,0.16733978237911468,125.43749860414974,5190781485.113914
nfet,ff,0.6,-40.0,5.0,0.34381498213363365,67.89897793813121,8630325258.373796
nfet,ff,0.6,27.0,20.0,0.005756015766022991,179.40928582755714,772266387.9258558
nfet,ff,0.6,27.0,15.0,0.08372444898656345,163.1695190154081,2076803862.9581728
nfet,ff,0.6,27.0,10.0,0.17061795625494255,125.35310876487881,3801340124.488859
nfet,ff,0.6,27.0,5.0,0.35275804465498184,66.07420244960542,6459078574.713518
nfet,ff,0.6,125.0,20.0,-0.23647081688161928,165.30794664826584,8438944.650067594
nfet,ff,0.6,125.0,15.0,0.07323306397215393,162.53866064796412,1071381892.5882668
nfet,ff,0.6,125.0,10.0,0.18801883365629282,125.87553423331472,2728255082.98746
nfet,ff,0.6,125.0,5.0,0.3749911277333527,64.16786617712941,4758657071.31793
nfet,ff,1.2,-40.0,20.0,0.03728848863944195,189.29193311066874,416011496.1379907
nfet,ff,1.2,-40.0,15.0,0.09363007777322949,180.3022784644135,791562243.4669442
nfet,ff,1.2,-40.0,10.0,0.17165122271278416,147.06913040978844,1324038241.2327847
nfet,ff,1.2,-40.0,5.0,0.357225608116874,82.9398695552099,2333134372.480798
nfet,ff,1.2,27.0,20.0,0.018076859008855826,185.8123933844748,213984884.4300697
nfet,ff,1.2,27.0,15.0,0.09192556201987392,184.15994199803126,539554326.348077
nfet,ff,1.2,27.0,10.0,0.17699383581138342,149.90307785932288,969401115.375355
nfet,ff,1.2,27.0,5.0,0.3623689484803338,82.42888403181061,1680422359.7321136
nfet,ff,1.2,125.0,20.0,-0.197629894116435,155.2547420391073,3454147.3439724008
nfet,ff,1.2,125.0,15.0,0.0841815660839503,181.8883841633089,278972462.8796438
nfet,ff,1.2,125.0,10.0,0.196416094071378,153.89886135344202,691484917.1382074
nfet,ff,1.2,125.0,5.0,0.38178371815206896,81.77225909691927,1196596599.7296276
nfet,fs,0.15,-40.0,20.0,-0.08251730868890066,26.61551782142984,5846755647.646079
nfet,fs,0.15,-40.0,15.0,0.026256207568095307,26.90597072478808,25748484427.69783
nfet,fs,0.15,-40.0,10.0,0.11825120900727326,25.885926168216155,50766327079.06243
nfet,fs,0.15,-40.0,5.0,0.280252106730285,21.052872287613884,76784711377.8544
nfet,fs,0.15,27.0,20.0,-0.12523545148766613,28.600819334638267,3225011383.6208096
nfet,fs,0.15,27.0,15.0,-0.016177949016243882,26.106694566786565,13646075775.182022
nfet,fs,0.15,27.0,10.0,0.10336820663895811,25.61729615617688,36204531638.69358
nfet,fs,0.15,27.0,5.0,0.2871104410442124,21.09317581732227,62736002588.60116
nfet,fs,0.15,125.0,20.0,-0.2710311142244423,29.68886481549527,265850257.92453307
nfet,fs,0.15,125.0,15.0,-0.05941903119561565,27.003579040956367,6547509067.910227
nfet,fs,0.15,125.0,10.0,0.09271227411763326,26.544579567557545,25269287731.031387
nfet,fs,0.15,125.0,5.0,0.2963126419244622,21.511560154238516,49444426854.252945
nfet,fs,0.3,-40.0,20.0,0.029535140450091594,114.47247930141543,4188718097.7036223
nfet,fs,0.3,-40.0,15.0,0.09040554043811388,106.44629400152735,8638377256.72832
nfet,fs,0.3,-40.0,10.0,0.17051971675855931,88.26620087040597,14819920759.800728
nfet,fs,0.3,-40.0,5.0,0.3492295843149625,54.08745712359514,25064530633.642113
nfet,fs,0.3,27.0,20.0,-0.0016747071156461013,112.64670904768093,1725996631.7665806
nfet,fs,0.3,27.0,15.0,0.08832355518019963,107.61917207991524,5764936554.0109005
nfet,fs,0.3,27.0,10.0,0.17809018418673295,88.46302498074509,11002733566.396843
nfet,fs,0.3,27.0,5.0,0.35982342004515655,52.39104268168118,18748190894.809483
nfet,fs,0.3,125.0,20.0,,,
nfet,fs,0.3,125.0,15.0,0.06715250895931335,107.13250242633039,2497074714.8410463
nfet,fs,0.3,125.0,10.0,0.19856447225494833,89.98319803531183,7929257248.332297
nfet,fs,0.3,125.0,5.0,0.3877629020196189,51.236348381986446,14267583859.71925
nfet,fs,0.6,-40.0,20.0,0.026870888374580484,200.22523076863646,1232677597.63248
nfet,fs,0.6,-40.0,15.0,0.08872358479696385,179.3555169209553,2575518403.4727645
nfet,fs,0.6,-40.0,10.0,0.17027396927091848,137.2677919172017,4481456721.866021
nfet,fs,0.6,-40.0,5.0,0.3557166370454977,72.14158466330679,7907302174.375012
nfet,fs,0.6,27.0,20.0,-0.0023772189694452224,195.7785080936279,552516732.1959723
nfet,fs,0.6,27.0,15.0,0.08302499404639913,180.3113806466112,1684841590.0971982
nfet,fs,0.6,27.0,10.0,0.1737621491507728,137.5304950710867,3230966604.777935
nfet,fs,0.6,27.0,5.0,0.36374285474501517,70.42842823407258,5793132090.371443
nfet,fs,0.6,125.0,20.0,-0.4396501729408948,181.27244844901773,185473.9300825161
nfet,fs,0.6,125.0,15.0,0.06701252454603442,178.77159707870678,793194595.0077578
nfet,fs,0.6,125.0,10.0,0.1910482815341591,138.629311153592,2263397235.125369
nfet,fs,0.6,125.0,5.0,0.38662145272153314,68.66260772618246,4195510820.6570144
nfet,fs,1.2,-40.0,20.0,0.03497734376452595,188.3141839642706,356304033.09311736
nfet,fs,1.2,-40.0,15.0,0.09358529033897503,180.70943787847003,702957815.5947006
nfet,fs,1.2,-40.0,10.0,0.1739595836288023,148.00804337074499,1206227498.550997
nfet,fs,1.2,-40.0,5.0,0.36526322853036275,83.32941082384819,2212962389.2063656
nfet,fs,1.2,27.0,20.0,0.011968778125218552,182.61480380326165,169530284.55503693
nfet,fs,1.2,27.0,15.0,0.09119499572609356,184.11541222185645,468184417.80727863
nfet,fs,1.2,27.0,10.0,0.17912863780820792,150.93439969632715,870363722.7138193
nfet,fs,1.2,27.0,5.0,0.37023780926822963,82.81220076709936,1569684644.6268702
nfet,fs,1.2,125.0,20.0,-0.28361438993849036,154.6347068511938,706042.0870375745
nfet,fs,1.2,125.0,15.0,0.0788311589564375,179.94339531644798,225040385.69278276
nfet,fs,1.2,125.0,10.0,0.19788696180918536,154.84185048818767,606859103.803846
nfet,fs,1.2,125.0,5.0,0.3901439357887002,82.0757280430939,1100953498.9685638
nfet,sf,0.15,-40.0,20.0,-0.07364750354963916,20.362119883872232,26509123470.24142
nfet,sf,0.15,-40.0,15.0,-0.009801303784536973,16.7195934244632,54653582999.98856
nfet,sf,0.15,-40.0,10.0,0.06954749062886714,13.505071859138464,89897980157.48717
nfet,sf,0.15,-40.0,5.0,0.21196527741439009,10.024575245048824,116111801530.24307
nfet,sf,0.15,27.0,20.0,-0.11407698239826031,21.096306944128234,11565676650.55815
nfet,sf,0.15,27.0,15.0,-0.023153089664997076,17.570390997924928,37264106628.96098
nfet,sf,0.15,27.0,10.0,0.07088452205521702,14.152643804754348,71999519440.4956
nfet,sf,0.15,27.0,5.0,0.22711047853821334,10.365849260457622,100910614883.66867
nfet,sf,0.15,125.0,20.0,,,
nfet,sf,0.15,125.0,15.0,-0.07603423252064204,17.664207370092473,13070759153.275526
nfet,sf,0.15,125.0,10.0,0.07771401076520587,15.051031602966317,51276692653.76737
nfet,sf,0.15,125.0,5.0,0.26083060372193084,11.24919825213882,86910254943.57077
nfet,sf,0.3,-40.0,20.0,0.034005367883082914,72.08019835537748,7103964738.980473
nfet,sf,0.3,-40.0,15.0,0.08878219280848654,68.09601524042336,13204964036.51695
nfet,sf,0.3,-40.0,10.0,0.1618741637467976,59.28728115355439,20793641099.76707
nfet,sf,0.3,-40.0,5.0,0.3203071956499659,41.04032632964412,30600446088.65092
nfet,sf,0.3,27.0,20.0,0.013294964957815871,72.30790771914742,3592656231.7291303
nfet,sf,0.3,27.0,15.0,0.08971933790958317,68.98571314032486,9503622196.23063
nfet,sf,0.3,27.0,10.0,0.17162145645772875,59.45192877541968,16500877108.115952
nfet,sf,0.3,27.0,5.0,0.3354813606705874,39.79704583966683,24889093876.59446
nfet,sf,0.3,125.0,20.0,-0.3434964772533326,62.29872575432258,5143829.352809577
nfet,sf,0.3,125.0,15.0,0.07879783626025211,69.52520363833713,4867055557.136923
nfet,sf,0.3,125.0,10.0,0.1945039803726797,60.40355551101957,12663482713.6272
nfet,sf,0.3,125.0,5.0,0.36724639276493104,38.81837769998796,20316680211.352806
nfet,sf,0.6,-40.0,20.0,0.030377491386117506,184.53107740919825,1570745565.9006798
nfet,sf,0.6,-40.0,15.0,0.0888575857120548,164.7243847872399,3105758034.752539
nfet,sf,0.6,-40.0,10.0,0.1669739497350946,126.93331879702143,5189960235.553959
nfet,sf,0.6,-40.0,5.0,0.34288897115130573,68.58430976732235,8586477730.528025
nfet,sf,0.6,27.0,20.0,0.006834574797112728,182.16355170947193,786325520.7340564
nfet,sf,0.6,27.0,15.0,0.0839688342364393,165.3099480675809,2091729518.9888294
nfet,sf,0.6,27.0,10.0,0.17017419863462402,126.89654551767764,3804995947.206764
nfet,sf,0.6,27.0,5.0,0.3515884865124691,66.75418627630228,6431567109.228005
nfet,sf,0.6,125.0,20.0,-0.22696212871969498,167.43838113044464,9934132.63031357
nfet,sf,0.6,125.0,15.0,0.07416424995504155,164.7973552940243,1087282643.2954533
nfet,sf,0.6,125.0,10.0,0.18816513820797628,127.25237796845812,2740186557.45246
nfet,sf,0.6,125.0,5.0,0.3738917114676569,64.81634944294441,4743776962.984337
nfet,sf,1.2,-40.0,20.0,0.03764842362546666,190.06174243755393,413967934.26286846
nfet,sf,1.2,-40.0,15.0,0.09382937409509319,180.65439288740123,786403967.8397437
nfet,sf,1.2,-40.0,10.0,0.17183196844509707,147.4214011639344,1311623314.6620498
nfet,sf,1.2,-40.0,5.0,0.3564331441648788,83.38833568134726,2298973507.0885043
nfet,sf,1.2,27.0,20.0,0.019068467987769244,186.7787524223301,214711108.49932453
nfet,sf,1.2,27.0,15.0,0.09232392816203339,184.49818018734635,537645249.9267265
nfet,sf,1.2,27.0,10.0,0.17694110800911855,150.43101066881545,960243656.7467691
nfet,sf,1.2,27.0,5.0,0.36134135931190936,82.94055086261525,1655660528.5167477
nfet,sf,1.2,125.0,20.0,-0.1913851144027528,155.65599908837277,3809282.350183804
nfet,sf,1.2,125.0,15.0,0.08491619541117765,182.54877470469674,279409413.3302824
nfet,sf,1.2,125.0,10.0,0.196597986689106,154.53573799911572,686385336.0058625
nfet,sf,1.2,125.0,5.0,0.38140240049577306,82.27687802596954,1181180667.330554
nfet,ss,0.15,-40.0,20.0,-0.08539045927891531,25.193577999229497,6893665168.939241
nfet,ss,0.15,-40.0,15.0,0.016242677308946213,24.215707287149176,26502932025.984104
nfet,ss,0.15,-40.0,10.0,0.11065760695501746,23.055890095214018,53499354550.85566
nfet,ss,0.15,-40.0,5.0,0.27127430873757624,18.770938108796653,80003682804.1942
nfet,ss,0.15,27.0,20.0,-0.12526719348011595,27.00655293838599,3814707633.8737407
nfet,ss,0.15,27.0,15.0,-0.020383291518209792,24.10607434221226,15101250683.073248
nfet,ss,0.15,27.0,10.0,0.09685863700764454,22.98280392849128,38734807452.50691
nfet,ss,0.15,27.0,5.0,0.2785604070192353,18.85976080748466,65899260486.56332
nfet,ss,0.15,125.0,20.0,-0.31695847027660345,27.085753266473496,135909491.19970798
nfet,ss,0.15,125.0,15.0,-0.06379407204922498,24.890401136493676,6977400928.6564665
nfet,ss,0.15,125.0,10.0,0.09057945807149143,24.078783188769286,27638019707.004715
nfet,ss,0.15,125.0,5.0,0.29092119693821106,19.412811567675295,52854392935.0957
nfet,ss,0.3,-40.0,20.0,0.030292510659270654,106.4965563015798,4440296046.554519
nfet,ss,0.3,-40.0,15.0,0.09060019913239782,99.25874168639282,9027889643.841198
nfet,ss,0.3,-40.0,10.0,0.16986190172965349,82.9709907701778,15305594967.778713
nfet,ss,0.3,-40.0,5.0,0.34567426379257815,51.82689510369249,25373059093.49558
nfet,ss,0.3,27.0,20.0,0.00046663459481980155,105.16135846644774,1857163347.7458925
nfet,ss,0.3,27.0,15.0,0.08914676013450144,100.42554513792511,6087289919.913275
nfet,ss,0.3,27.0,10.0,0.17782732548132046,83.23840524588343,11483521901.994549
nfet,ss,0.3,27.0,5.0,0.3569994626972849,50.187102951813976,19234641951.122383
nfet,ss,0.3,125.0,20.0,,,
nfet,ss,0.3,125.0,15.0,0.06850499183741125,100.07032493095231,2662101884.5866203
nfet,ss,0.3,125.0,10.0,0.19915375437216404,84.62363318221833,8345181807.682028
nfet,ss,0.3,125.0,5.0,0.3866479596942574,48.990098509419155,14816993298.075031
nfet,ss,0.6,-40.0,20.0,0.027209573738019965,196.87253628184249,1262453673.4975054
nfet,ss,0.6,-40.0,15.0,0.08881143819674107,176.38755303293698,2613312181.1000457
nfet,ss,0.6,-40.0,10.0,0.16988188887201502,135.2369417823635,4518461787.610271
nfet,ss,0.6,-40.0,5.0,0.3536845640837757,71.42770234615031,7892056603.875613
nfet,ss,0.6,27.0,20.0,-0.0010006217974026718,192.99466136032763,570451079.6368544
nfet,ss,0.6,27.0,15.0,0.08344350171015433,177.31269903952506,1718036957.347595
nfet,ss,0.6,27.0,10.0,0.17340251180277783,135.51249314243788,3267245403.413278
nfet,ss,0.6,27.0,5.0,0.362196645062702,69.69335296846378,5802775936.491415
nfet,ss,0.6,125.0,20.0,-0.41245134053101734,178.49782892402766,311526.9391112593
nfet,ss,0.6,125.0,15.0,0.06809534318398383,175.9376072746435,814334569.0279937
nfet,ss,0.6,125.0,10.0,0.19129994661781738,136.3931935440185,2299090764.555792
nfet,ss,0.6,125.0,5.0,0.38513151460931605,67.90177393575435,4216313597.4745946
nfet,ss,1.2,-40.0,20.0,0.035429704646400856,188.63985552485758,357119515.7522233
nfet,ss,1.2,-40.0,15.0,0.09345514676589839,180.88880130095984,700941719.7864337
nfet,ss,1.2,-40.0,10.0,0.17338892591692476,147.9923717947348,1199214917.0636318
nfet,ss,1.2,-40.0,5.0,0.36431272226044875,83.34334212693469,2189657450.423593
nfet,ss,1.2,27.0,20.0,0.013154718468222002,183.13158386697654,171336611.39939398
nfet,ss,1.2,27.0,15.0,0.09152517007033692,184.20306219964502,469245516.6268836
nfet,ss,1.2,27.0,10.0,0.17904234961096746,150.8776680114369,868300466.1707009
nfet,ss,1.2,27.0,5.0,0.3691515982959005,82.88445078373535,1554734612.1662908
nfet,ss,1.2,125.0,20.0,-0.2771711014160488,154.5921395158267,785760.0377028069
nfet,ss,1.2,125.0,15.0,0.079687991558178,180.0520901888014,226875940.41185844
nfet,ss,1.2,125.0,10.0,0.19823345929889405,154.73450273617914,607310415.5420974
nfet,ss,1.2,125.0,5.0,0.389352747857352,82.18104252247157,1093380665.787504
nfet,tt,0.15,-40.0,20.0,-0.08240754434159367,22.37231995475864,12533572084.995865
nfet,tt,0.15,-40.0,15.0,-0.0005467581508169592,19.584303391177087,34467406349.66929
nfet,tt,0.15,-40.0,10.0,0.09128251767110614,17.498048051389024,66521697243.92178
nfet,tt,0.15,-40.0,5.0,0.24576228095014893,13.943241598864802,94512815261.0717
nfet,tt,0.15,27.0,20.0,-0.12011090214177576,23.67457073364135,6491407124.496105
nfet,tt,0.15,27.0,15.0,-0.02449653398829553,20.26332070796716,22304775799.470646
nfet,tt,0.15,27.0,10.0,0.08251096420151932,17.812185903821444,50310997967.09632
nfet,tt,0.15,27.0,5.0,0.25522509637596713,14.142810292120586,79701986408.28711
nfet,tt,0.15,125.0,20.0,-0.45775991038505937,21.060445014852238,14882681.39892835
nfet,tt,0.15,125.0,15.0,-0.06899424023881134,20.79193836588645,9482824591.376091
nfet,tt,0.15,125.0,10.0,0.08384674210089438,18.947032992817814,36764487937.111786
nfet,tt,0.15,125.0,5.0,0.2760108865024619,14.88032266080854,66327205736.60124
nfet,tt,0.3,-40.0,20.0,0.03182283577778586,88.02086573148594,5620030226.298096
nfet,tt,0.3,-40.0,15.0,0.08942487492679302,82.58196266316817,10948622381.344515
nfet,tt,0.3,-40.0,10.0,0.16543722950652126,70.50824210064198,17897648419.105072
nfet,tt,0.3,-40.0,5.0,0.3322490621126044,46.40826027190155,27882342893.091072
nfet,tt,0.3,27.0,20.0,0.006763948716576186,87.72753832460218,2601300775.9908876
nfet,tt,0.3,27.0,15.0,0.08897873248198111,83.60275797780346,7633003221.02759
nfet,tt,0.3,27.0,10.0,0.1745077297233025,70.63109423010788,13837681973.178862
nfet,tt,0.3,27.0,5.0,0.3457743572233409,44.921580921134414,21986658550.996315
nfet,tt,0.3,125.0,20.0,,,
nfet,tt,0.3,125.0,15.0,0.07334319337388247,83.85419135408515,3631210722.928447
nfet,tt,0.3,125.0,10.0,0.19631652203828862,71.76418295087323,10342204339.542894
nfet,tt,0.3,125.0,5.0,0.3766635231787876,43.75255894075618,17474930948.03535
nfet,tt,0.6,-40.0,20.0,0.02850951828805807,189.45398446105065,1414059308.9361742
nfet,tt,0.6,-40.0,15.0,0.08883817504955203,169.5100438481203,2865148091.1978526
nfet,tt,0.6,-40.0,10.0,0.16856682487864344,130.40291217951565,4874425742.143532
nfet,tt,0.6,-40.0,5.0,0.34859505445108785,69.71456885493737,8295462315.634573
nfet,tt,0.6,27.0,20.0,0.0024708822632079092,186.4758417968161,670967184.4275143
nfet,tt,0.6,27.0,15.0,0.08353047182929373,170.3461082831509,1903430780.2528765
nfet,tt,0.6,27.0,10.0,0.17193736285982217,130.4794702501364,3549404994.4463725
nfet,tt,0.6,27.0,5.0,0.3570047872093714,67.93221685504002,6157537763.798521
nfet,tt,0.6,125.0,20.0,-0.29511423237209616,171.98792123509565,2818035.8145082593
nfet,tt,0.6,125.0,15.0,0.07073752289971408,169.39531373811866,943870326.1585822
nfet,tt,0.6,125.0,10.0,0.18958211799939256,131.15359818454036,2524620530.8071094
nfet,tt,0.6,125.0,5.0,0.37986245575358246,66.0454529652332,4511340315.812895
nfet,tt,1.2,-40.0,20.0,0.036332375400200526,188.916737856501,388106829.4412679
nfet,tt,1.2,-40.0,15.0,0.09351995676192065,180.5476764466598,749731340.4636062
nfet,tt,1.2,-40.0,10.0,0.17246986334555073,147.4865292538587,1267731106.2036996
nfet,tt,1.2,-40.0,5.0,0.36054043178605405,83.10448013995853,2271181838.6818433
nfet,tt,1.2,27.0,20.0,0.015686796182655765,184.49383144727696,193046143.93427968
nfet,tt,1.2,27.0,15.0,0.09170351002889225,184.15970962373447,506724461.11659086
nfet,tt,1.2,27.0,10.0,0.1779772321718718,150.34338894034482,923694282.0334392
nfet,tt,1.2,27.0,5.0,0.3655793992316359,82.61088118732609,1625767919.3275704
nfet,tt,1.2,125.0,20.0,-0.23283445432163197,154.81460450812455,1820889.2468171422
nfet,tt,1.2,125.0,15.0,0.08206802887671684,181.05624153250656,253609569.18301302
nfet,tt,1.2,125.0,10.0,0.19729006523486253,154.27157224844504,652879959.0711529
nfet,tt,1.2,125.0,5.0,0.38543349193762716,81.92412916414612,1151556459.0795321
pfet,ff,0.15,-40.0,20.0,-0.518811630057621,7.231542398516928,245856.56537934844
pfet,ff,0.15,-40.0,15.0,0.08081291268384992,7.405741955974098,5962880520.267084
pfet,ff,0.15,-40.0,10.0,0.17919441323539123,7.670086128179466,12643934878.539114
pfet,ff,0.15,-40.0,5.0,0.4000760273994199,7.955481954332684,28461382134.570946
pfet,ff,0.15,27.0,20.0,,,
pfet,ff,0.15,27.0,15.0,-0.09681693306300217,7.301257161002836,614136303.7082326
pfet,ff,0.15,27.0,10.0,0.1549305538040134,7.536898388082632,7560358065.904686
pfet,ff,0.15,27.0,5.0,0.40130696044544084,7.837291417905765,20006328328.276554
pfet,ff,0.15,125.0,20.0,,,
pfet,ff,0.15,125.0,15.0,,,
pfet,ff,0.15,125.0,10.0,0.08569756835806465,7.428143644861904,3157595360.905588
pfet,ff,0.15,125.0,5.0,0.39129932373396525,7.751661243294752,12622711546.853035
pfet,ff,0.3,-40.0,20.0,-0.057619405378193406,55.860192531358884,420254879.0545155
pfet,ff,0.3,-40.0,15.0,0.0747115235026158,61.007775326876775,2833778789.755077
pfet,ff,0.3,-40.0,10.0,0.1637577084279171,51.81294480833487,5254734330.85743
pfet,ff,0.3,-40.0,5.0,0.3570906032358619,32.112970449154446,9600869872.218197
pfet,ff,0.3,27.0,20.0,-0.4800217428006923,54.52211884973935,1500610.4270031124
pfet,ff,0.3,27.0,15.0,-0.2083622719718111,46.00581959971271,147350633.14491606
pfet,ff,0.3,27.0,10.0,0.1412116054194201,52.3966187455904,3985607037.2260957
pfet,ff,0.3,27.0,5.0,0.35286490125113745,32.93373009218919,8075781957.23245
pfet,ff,0.3,125.0,20.0,-0.5941795912962474,61.42124419560569,811358.2952686117
pfet,ff,0.3,125.0,15.0,-0.39978569049029444,50.47095973824955,17869327.872059822
pfet,ff,0.3,125.0,10.0,0.08012418418989142,51.9412838369931,2379111683.245384
pfet,ff,0.3,125.0,5.0,0.34137433048176835,33.746735039489515,6650076292.865781
pfet,ff,0.6,-40.0,20.0,-0.16369398619582842,195.0495257207706,101422931.43621731
pfet,ff,0.6,-40.0,15.0,0.08838031207175429,186.80741673977002,754957674.1195246
pfet,ff,0.6,-40.0,10.0,0.1724507647951592,144.13480734347644,1316504005.3684359
pfet,ff,0.6,-40.0,5.0,0.3702722934577012,77.03934646244703,2466025107.014671
pfet,ff,0.6,27.0,20.0,-0.36660888122648555,199.33960004515768,1392478.0117633983
pfet,ff,0.6,27.0,15.0,0.03805283058601044,187.16936738237763,421143549.7785902
pfet,ff,0.6,27.0,10.0,0.15316051974853787,146.19373947928145,1028657528.2550246
pfet,ff,0.6,27.0,5.0,0.36370847246693827,78.45254685047989,2046082260.76706
pfet,ff,0.6,125.0,20.0,-0.4451116305564326,209.13406853919878,1194124.5830127236
pfet,ff,0.6,125.0,15.0,-0.2771661547567662,177.7116904231436,13939157.671534833
pfet,ff,0.6,125.0,10.0,0.10530087852844386,147.152719345067,689977920.7268838
pfet,ff,0.6,125.0,5.0,0.3503431506711587,78.86590820443016,1684287322.3597255
pfet,ff,1.2,-40.0,20.0,-0.060310984987979016,654.8878385876442,59102576.152839035
pfet,ff,1.2,-40.0,15.0,0.09017836825378768,577.0956684529037,191859389.38033077
pfet,ff,1.2,-40.0,10.0,0.1737200379065384,388.6690418365377,333466724.9753395
pfet,ff,1.2,-40.0,5.0,0.373502217995687,167.87149145424402,634135790.3478665
pfet,ff,1.2,27.0,20.0,-0.3267121518054084,611.4271477049497,552306.204114321
pfet,ff,1.2,27.0,15.0,0.04269227221068659,573.1730541780638,108769642.37684791
pfet,ff,1.2,27.0,10.0,0.15540158579967014,393.2333196407858,259165388.5407301
pfet,ff,1.2,27.0,5.0,0.3670319462535404,169.4629961615195,521718509.871584
pfet,ff,1.2,125.0,20.0,-0.4008604371699707,672.9863924475551,454204.76534773037
pfet,ff,1.2,125.0,15.0,-0.2309601445086123,513.154411978815,5220043.894213061
pfet,ff,1.2,125.0,10.0,0.11079070052309993,393.3747331737141,173631100.59244695
pfet,ff,1.2,125.0,5.0,0.35478566888106006,168.0286231499149,423364216.35683954
pfet,fs,0.15,-40.0,20.0,-0.4850357307115093,6.343833021612876,598002.5224147604
pfet,fs,0.15,-40.0,15.0,0.07535668546315161,6.520952623167493,5554836233.67869
pfet,fs,0.15,-40.0,10.0,0.17794008437511954,6.807225158641923,12353645730.540113
pfet,fs,0.15,-40.0,5.0,0.40290127360724715,7.260042037322122,28530228310.910873
pfet,fs,0.15,27.0,20.0,,,
pfet,fs,0.15,27.0,15.0,-0.3837207646290327,6.4026812317554045,11065536.556474622
pfet,fs,0.15,27.0,10.0,0.15070376385370599,6.663935048429134,7206602111.607445
pfet,fs,0.15,27.0,5.0,0.4028647060470222,7.098713828104944,19786952581.364246
pfet,fs,0.15,125.0,20.0,,,
pfet,fs,0.15,125.0,15.0,,,
pfet,fs,0.15,125.0,10.0,0.07316688324061334,6.535542561099526,2820493923.146862
pfet,fs,0.15,125.0,5.0,0.38969561720528456,6.942892787678652,12187662580.959463
pfet,fs,0.3,-40.0,20.0,-0.5035870397212088,46.44506242857091,230816.40916220399
pfet,fs,0.3,-40.0,15.0,0.06931021376399987,56.94294576881487,2824351083.357705
pfet,fs,0.3,-40.0,10.0,0.16054357197515123,48.56355095000049,5355008869.553464
pfet,fs,0.3,-40.0,5.0,0.3513768878179956,30.309721579268295,9599070681.327066
pfet,fs,0.3,27.0,20.0,-0.5544276794863341,51.6639073950167,673445.9518842736
pfet,fs,0.3,27.0,15.0,-0.0905183831204986,47.91136419056244,495365286.48371387
pfet,fs,0.3,27.0,10.0,0.1356670638414178,48.78559353026159,4074031587.0478983
pfet,fs,0.3,27.0,5.0,0.34671238639523194,30.77187922834497,8200092653.566089
pfet,fs,0.3,125.0,20.0,,,
pfet,fs,0.3,125.0,15.0,-0.475936696296963,47.51871766690465,9927460.462107023
pfet,fs,0.3,125.0,10.0,0.06586284617614216,47.78060246678957,2337882048.656209
pfet,fs,0.3,125.0,5.0,0.3335498426625929,31.069239623530976,6829449404.520191
pfet,fs,0.6,-40.0,20.0,-0.28642014064241483,182.17601587245025,3027352.942194295
pfet,fs,0.6,-40.0,15.0,0.08605335744379522,179.54541288945126,748565711.3819138
pfet,fs,0.6,-40.0,10.0,0.17063579242157195,138.79106774793613,1309601071.827659
pfet,fs,0.6,-40.0,5.0,0.36601512837069233,74.46202342968571,2408080786.8457212
pfet,fs,0.6,27.0,20.0,-0.41909493085571087,191.8077656008158,741216.5243012644
pfet,fs,0.6,27.0,15.0,0.031384854050184235,179.0716232703095,406038636.7537754
pfet,fs,0.6,27.0,10.0,0.15034443192209648,139.9481583848957,1032710177.0254886
pfet,fs,0.6,27.0,5.0,0.35939701318028766,75.0797208943668,2029480500.969432
pfet,fs,0.6,125.0,20.0,-0.5050851792861007,199.8066854939739,648428.0032881248
pfet,fs,0.6,125.0,15.0,-0.33438805467414,169.5100730475619,8377981.123554406
pfet,fs,0.6,125.0,10.0,0.09852518076618622,139.67584662599643,686483645.334218
pfet,fs,0.6,125.0,5.0,0.34512640582853776,74.40603763843613,1691087849.6489685
pfet,fs,1.2,-40.0,20.0,0.018562695260765018,706.9775285407367,81133241.77258459
pfet,fs,1.2,-40.0,15.0,0.08856531188527329,574.630243729692,188088042.75675666
pfet,fs,1.2,-40.0,10.0,0.17231156427021105,387.80591279338284,327151769.1540762
pfet,fs,1.2,-40.0,5.0,0.3699848037631006,168.50876704608612,612510859.3792717
pfet,fs,1.2,27.0,20.0,-0.3654993425188553,608.6001455511214,339266.64580324414
pfet,fs,1.2,27.0,15.0,0.03865686779540714,569.1850160652546,105081720.52331565
pfet,fs,1.2,27.0,10.0,0.1533387101686976,391.3464140806732,256290273.35025507
pfet,fs,1.2,27.0,5.0,0.36369023958421165,169.4740908332314,510459616.8606946
pfet,fs,1.2,125.0,20.0,-0.443529978288091,668.3634316830546,293499.04637069214
pfet,fs,1.2,125.0,15.0,-0.27570961464612986,506.3857547680141,3392697.126974462
pfet,fs,1.2,125.0,10.0,0.10603122618953066,390.1879379771194,171143047.41126823
pfet,fs,1.2,125.0,5.0,0.3511360112442161,167.25121308903024,419762769.83219016
pfet,sf,0.15,-40.0,20.0,-0.27311018394300446,12.623165206490327,13987023.147042554
pfet,sf,0.15,-40.0,15.0,0.08595277779056817,12.428415593520631,5085275743.088868
pfet,sf,0.15,-40.0,10.0,0.16896457843025117,11.918417504487612,9038137769.8702
pfet,sf,0.15,-40.0,5.0,0.35181619255336544,10.131772623408601,15807906133.270554
pfet,sf,0.15,27.0,20.0,-0.40279117357722255,12.893537271038484,3594648.5782968034
pfet,sf,0.15,27.0,15.0,0.03603332190318079,12.804234061458262,2661565845.2260904
pfet,sf,0.15,27.0,10.0,0.15465387729543004,12.438265826099338,7194359080.685126
pfet,sf,0.15,27.0,5.0,0.36181342346587986,10.863246558667269,14743577316.988136
pfet,sf,0.15,125.0,20.0,-0.48995176726541867,13.168914333763981,2636846.579792847
pfet,sf,0.15,125.0,15.0,-0.31871762773516316,13.190040983934308,36925544.748032555
pfet,sf,0.15,125.0,10.0,0.11250502611037719,13.084501273027152,4336345445.646381
pfet,sf,0.15,125.0,5.0,0.37171045835184363,11.951422801296522,12665322830.390987
pfet,sf,0.3,-40.0,20.0,-0.01074577023342084,74.60019812280771,592247040.9318783
pfet,sf,0.3,-40.0,15.0,0.07814070452623267,75.16968804746504,1891083851.2957494
pfet,sf,0.3,-40.0,10.0,0.16516430289984954,62.25736083839817,3445230618.037323
pfet,sf,0.3,-40.0,5.0,0.359729471647622,36.64291417848926,6364443924.427155
pfet,sf,0.3,27.0,20.0,-0.15860178994635166,67.00029955816956,72051759.96457936
pfet,sf,0.3,27.0,15.0,0.027886113239457846,71.9237413543043,1034137551.1746172
pfet,sf,0.3,27.0,10.0,0.14641962368092418,62.50389775724784,2676007701.996843
pfet,sf,0.3,27.0,5.0,0.3545465852744619,37.04889326167312,5318167562.783307
pfet,sf,0.3,125.0,20.0,-0.27323422469668374,74.04812231914413,15611282.397739124
pfet,sf,0.3,125.0,15.0,-0.052195248058619706,68.30693228372202,416361044.36512196
pfet,sf,0.3,125.0,10.0,0.11712264432732489,62.143945773779016,1952384400.703035
pfet,sf,0.3,125.0,5.0,0.34603193394625464,36.940261222064926,4392637133.877796
pfet,sf,0.6,-40.0,20.0,0.021126950300498222,241.66165267003032,262434118.33488852
pfet,sf,0.6,-40.0,15.0,0.09031485204823582,209.2037013129963,598696225.2314547
pfet,sf,0.6,-40.0,10.0,0.17495742841890022,157.422964456254,1053535096.2769904
pfet,sf,0.6,-40.0,5.0,0.37852872232551105,80.19535494230747,2054556976.0256464
pfet,sf,0.6,27.0,20.0,-0.14684357813619134,226.9812992731005,21584737.795454174
pfet,sf,0.6,27.0,15.0,0.04772368140558368,208.50288242246165,351584184.2734609
pfet,sf,0.6,27.0,10.0,0.15696129333768544,158.17911080495804,805482514.3601325
pfet,sf,0.6,27.0,5.0,0.36983965991170004,80.64905820789534,1633347658.548791
pfet,sf,0.6,125.0,20.0,-0.2405779757771011,232.9465291810837,7426942.57133945
pfet,sf,0.6,125.0,15.0,-0.033130172031278486,203.258173920755,143780852.38744095
pfet,sf,0.6,125.0,10.0,0.1262807705064712,155.76068595730789,580543057.1992404
pfet,sf,0.6,125.0,5.0,0.3563810307361563,78.76412034536064,1288555864.5005043
pfet,sf,1.2,-40.0,20.0,0.022340422500089625,715.1276576400013,70286813.22268523
pfet,sf,1.2,-40.0,15.0,0.09102583702391304,580.8068794632793,159554263.99663794
pfet,sf,1.2,-40.0,10.0,0.17578908973169954,392.0177359790444,281823648.56170726
pfet,sf,1.2,-40.0,5.0,0.38157465423313575,169.62577466135485,558764316.2060152
pfet,sf,1.2,27.0,20.0,-0.1582732495173031,628.9082975529763,4713615.3747489
pfet,sf,1.2,27.0,15.0,0.04852240478428814,578.5281999853355,92953018.21173796
pfet,sf,1.2,27.0,10.0,0.15834166133312924,396.38206039175736,215594788.18488437
pfet,sf,1.2,27.0,5.0,0.3742927570217896,171.36859584459995,447561756.0625329
pfet,sf,1.2,125.0,20.0,-0.2487039225478668,676.0900282411475,1726841.3126275153
pfet,sf,1.2,125.0,15.0,-0.0394371145649833,558.3872870877133,34587461.65215535
pfet,sf,1.2,125.0,10.0,0.12703566853035983,394.38826125752814,152748472.00204897
pfet,sf,1.2,125.0,5.0,0.36308923346174643,169.07075360398628,354241352.36478597
pfet,ss,0.15,-40.0,20.0,-0.05583393035468015,11.266338897087481,775412758.6611354
pfet,ss,0.15,-40.0,15.0,0.0757113329775099,11.056969238417118,4958465108.055047
pfet,ss,0.15,-40.0,10.0,0.162338244398866,10.579112238743303,9158783672.518677
pfet,ss,0.15,-40.0,5.0,0.3429835517974616,9.040599874514282,15716737728.210304
pfet,ss,0.15,27.0,20.0,-0.45770333090137927,11.461343145735867,2721439.44236204
pfet,ss,0.15,27.0,15.0,-0.24739601308325943,11.352267095551793,61477194.61205472
pfet,ss,0.15,27.0,10.0,0.14262851595819642,10.954082308599727,7438079086.859447
pfet,ss,0.15,27.0,5.0,0.348112421691016,9.52151758377423,15015501961.439426
pfet,ss,0.15,125.0,20.0,,,
pfet,ss,0.15,125.0,15.0,-0.3781566189897714,11.66470191892589,29425512.34269914
pfet,ss,0.15,125.0,10.0,0.08775997772988152,11.466113664602329,4424147275.010947
pfet,ss,0.15,125.0,5.0,0.3520229982567264,10.262564178932294,13427072074.002354
pfet,ss,0.3,-40.0,20.0,-0.02486838688350141,69.790682199428,493755027.18897057
pfet,ss,0.3,-40.0,15.0,0.07515560780327354,72.16176955364229,1915767479.9335933
pfet,ss,0.3,-40.0,10.0,0.16313970704600889,59.884981649589385,3519118888.054376
pfet,ss,0.3,-40.0,5.0,0.3545456766530287,35.50390046518277,6365606165.259998
pfet,ss,0.3,27.0,20.0,-0.2064457199518438,63.81330978436985,41376152.628378205
pfet,ss,0.3,27.0,15.0,0.015637582066001167,67.9624243296014,965002980.0477295
pfet,ss,0.3,27.0,10.0,0.14221494427688094,59.88223942375638,2743770778.463021
pfet,ss,0.3,27.0,5.0,0.3492754957746507,35.70681931798815,5409964706.957749
pfet,ss,0.3,125.0,20.0,-0.32580686853375757,71.22509936496395,9447120.036321683
pfet,ss,0.3,125.0,15.0,-0.09944023648550081,62.75117801618136,275691349.40591013
pfet,ss,0.3,125.0,10.0,0.1042178805203304,59.00369845188936,1931309662.432641
pfet,ss,0.3,125.0,5.0,0.3386186951487296,35.38924033994587,4506654608.846881
pfet,ss,0.6,-40.0,20.0,0.016480059566086187,234.22869932457655,251999067.35193008
pfet,ss,0.6,-40.0,15.0,0.08811166414904459,203.46026457215874,598374632.9835168
pfet,ss,0.6,-40.0,10.0,0.17261909875242412,153.71328662784848,1051624203.1594747
pfet,ss,0.6,-40.0,5.0,0.37264238372053055,79.02721598081907,2000708466.2944329
pfet,ss,0.6,27.0,20.0,-0.1871584570982903,219.11461138933737,13272106.004054299
pfet,ss,0.6,27.0,15.0,0.04138266661698356,202.22864880192466,343178235.378694
pfet,ss,0.6,27.0,10.0,0.15397826997977487,153.8950218906091,817123699.6254957
pfet,ss,0.6,27.0,5.0,0.3647816120494521,79.03087949561076,1632311352.898166
pfet,ss,0.6,125.0,20.0,-0.2798044765635544,225.64986060813675,5098874.9057594435
pfet,ss,0.6,125.0,15.0,-0.06607557414472849,195.34098687656353,108613996.62602156
pfet,ss,0.6,125.0,10.0,0.1178435564269396,151.25028467061446,581316704.5646013
pfet,ss,0.6,125.0,5.0,0.35061371616701925,76.86607994705076,1310943282.6885989
pfet,ss,1.2,-40.0,20.0,0.020483373356432244,711.1805514188279,69721620.71821208
pfet,ss,1.2,-40.0,15.0,0.08983017515850619,578.846894512424,159691476.6862769
pfet,ss,1.2,-40.0,10.0,0.17374527049866112,391.3798627647017,279700538.2027164
pfet,ss,1.2,-40.0,5.0,0.3756436714142574,170.6224615979544,539941269.6680403
pfet,ss,1.2,27.0,20.0,-0.19716763204142285,618.7857886544782,2840316.470443419
pfet,ss,1.2,27.0,15.0,0.04447543094449679,573.8500006530537,92207062.0737898
pfet,ss,1.2,27.0,10.0,0.15588838293585644,394.598106509287,217293972.31589836
pfet,ss,1.2,27.0,5.0,0.3690743585824251,171.5884738181614,442413697.71013045
pfet,ss,1.2,125.0,20.0,-0.28240343560512,670.7625946709735,1288853.9733748022
pfet,ss,1.2,125.0,15.0,-0.07248965295845275,543.9510609726165,25522893.23680287
pfet,ss,1.2,125.0,10.0,0.12010813147855674,391.523933381531,152897337.25553778
pfet,ss,1.2,125.0,5.0,0.3575655819315752,168.56461682856772,357743924.49286294
pfet,tt,0.15,-40.0,20.0,-0.5478418175386823,9.189255478932953,202004.5888315034
pfet,tt,0.15,-40.0,15.0,0.07152484943809051,9.198429602683518,5893214145.325382
pfet,tt,0.15,-40.0,10.0,0.16692653804046498,9.09973586845257,12050804727.25169
pfet,tt,0.15,-40.0,5.0,0.36349578485240247,8.33859880845226,22995516185.668312
pfet,tt,0.15,27.0,20.0,-0.5940806668323737,9.235582697723194,615731.6298870917
pfet,tt,0.15,27.0,15.0,-0.05700686261888692,9.29331914670151,1079473178.349917
pfet,tt,0.15,27.0,10.0,0.14303686150521747,9.249065764929224,8172232995.535432
pfet,tt,0.15,27.0,5.0,0.3692453956911559,8.643498741221368,18928085241.067673
pfet,tt,0.15,125.0,20.0,,,
pfet,tt,0.15,125.0,15.0,,,
pfet,tt,0.15,125.0,10.0,0.0704336710111149,9.407336675859218,3701723301.5344124
pfet,tt,0.15,125.0,5.0,0.3670402427762549,9.009360811736562,14079682644.954836
pfet,tt,0.3,-40.0,20.0,-0.15098516040451795,54.20863721692171,58226441.36881086
pfet,tt,0.3,-40.0,15.0,0.07982403119335106,68.17586423290588,2433031125.866681
pfet,tt,0.3,-40.0,10.0,0.165887142930085,57.15026812567488,4376650783.715132
pfet,tt,0.3,-40.0,5.0,0.35935563526557723,34.70150578997354,8025362756.722842
pfet,tt,0.3,27.0,20.0,-0.33225862678959883,59.636203774192275,8166781.138377108
pfet,tt,0.3,27.0,15.0,0.019569443907338356,64.89135536244686,1189621715.3415127
pfet,tt,0.3,27.0,10.0,0.14565187191474413,57.8640597462792,3365681803.31053
pfet,tt,0.3,27.0,5.0,0.3551114547330873,35.5635804539667,6743090102.865977
pfet,tt,0.3,125.0,20.0,-0.42168541017316036,67.74379945779569,4741851.09581564
pfet,tt,0.3,125.0,15.0,-0.2431485626192696,55.83078094342353,67062977.63945779
pfet,tt,0.3,125.0,10.0,0.09599690088876592,57.58702351547397,2161505568.0989265
pfet,tt,0.3,125.0,5.0,0.34477968450164354,36.31551014728841,5561707992.48998
pfet,tt,0.6,-40.0,20.0,0.021679366017584818,224.989807984592,304264691.7318011
pfet,tt,0.6,-40.0,15.0,0.08997434848762703,196.23567309749816,685682363.0417372
pfet,tt,0.6,-40.0,10.0,0.17349775966403128,149.89233409435988,1189823384.9978368
pfet,tt,0.6,-40.0,5.0,0.3725661623794855,78.6136574367438,2250150013.107666
pfet,tt,0.6,27.0,20.0,-0.27060510238063556,209.8917641215432,4498937.9330571685
pfet,tt,0.6,27.0,15.0,0.04262115586974037,196.31220996751134,391810421.95189816
pfet,tt,0.6,27.0,10.0,0.1548906644491818,151.46127778988793,926774378.148529
pfet,tt,0.6,27.0,5.0,0.36535990565686466,79.6191029332637,1848001771.9206066
pfet,tt,0.6,125.0,20.0,-0.3470265956364511,219.3498240647146,3059479.8708716016
pfet,tt,0.6,125.0,15.0,-0.16133946839266775,187.28151865737433,41867814.22303541
pfet,tt,0.6,125.0,10.0,0.11227459494370982,151.25784279429251,636959244.5600642
pfet,tt,0.6,125.0,5.0,0.35210688102345494,79.07612711337435,1505454253.8764405
pfet,tt,1.2,-40.0,20.0,0.023402399931563657,714.3313139926518,80061864.15791382
pfet,tt,1.2,-40.0,15.0,0.09087861089320219,578.3496551929205,178278943.7686006
pfet,tt,1.2,-40.0,10.0,0.17433239863219113,390.0429811151986,309899696.6314649
pfet,tt,1.2,-40.0,5.0,0.3753162616025928,168.8631549538003,594741212.2559332
pfet,tt,1.2,27.0,20.0,-0.25834680123137954,613.9629861209129,1291007.9170669713
pfet,tt,1.2,27.0,15.0,0.04509047732354342,575.0108879078964,102242253.38482866
pfet,tt,1.2,27.0,10.0,0.15633370223321472,394.29946200230614,240374428.32014117
pfet,tt,1.2,27.0,5.0,0.36880388586781676,170.33228197346548,487101586.3609739
pfet,tt,1.2,125.0,20.0,-0.333466453327606,673.1746588334678,854580.4377383126
pfet,tt,1.2,125.0,15.0,-0.14362579945100373,526.5938554737945,12480955.667586414
pfet,tt,1.2,125.0,10.0,0.11557564772835933,393.41076430693533,164052822.56648794
pfet,tt,1.2,125.0,5.0,0.35681517348182595,168.39803572445211,393322814.0550363
