corner,temp_c,vdd_v,icmr_low_v,icmr_high_v,icmr_width_v,low_limiter,high_limiter,covers_target_window,covers_0v73,icmr_low_v_30db,icmr_high_v_30db,icmr_width_v_30db,icmr_low_v_50db,icmr_high_v_50db,icmr_width_v_50db,vid_mid_v,cmrr_mid_db,vout_mid_v,iq_mid_a,elapsed_s
tt,-40.0,1.8,0.6969,1.426,0.7291,input_stage,input_stage,1,1,0.4949,1.4602,0.9652,0.7618,1.3981,0.6363,-0.000191526,66.0575238282348,0.899617,6.55365e-05,56.37
tt,27.0,1.8,0.6668,1.4723,0.8055,input_stage,input_stage,1,1,0.4203,1.5088,1.0884,0.7416,1.4322,0.6906,-0.000150392,65.11860180486245,0.899699,6.57426e-05,73.73
tt,125.0,1.8,0.634,1.5774,0.9434,input_stage,input_stage,1,1,0.4281,1.6208,1.1927,0.721,1.5221,0.8011,-8.0406e-05,63.39585097372322,0.899839,6.59642e-05,42.12
ff,-40.0,1.98,0.6801,1.6208,0.9407,input_stage,input_stage,1,1,0.45,1.6526,1.2026,0.7408,1.5853,0.8444,-0.000146732,67.39164591850064,0.989707,6.64175e-05,50.17
ff,27.0,1.98,0.6505,1.6845,1.034,input_stage,input_stage,1,1,0.4839,1.7211,1.2372,0.7199,1.6387,0.9188,-9.08771e-05,66.08754751592552,0.989818,6.65055e-05,42.88
ff,125.0,1.98,0.6191,1.7967,1.1776,input_stage,input_stage,1,1,0.45,1.8413,1.3913,0.6992,1.7351,1.0359,8.84872e-06,63.99328942590191,0.990018,6.66285e-05,38.37
ss,-40.0,1.62,0.7168,1.1686,0.4519,input_stage,input_stage,1,1,0.495,1.3506,0.8556,0.785,1.1311,0.3461,-0.000294128,54.93867027167167,0.809412,6.42387e-05,145.18
ss,27.0,1.62,0.6862,1.2741,0.5879,input_stage,input_stage,1,1,0.4397,1.3131,0.8733,0.7657,1.2428,0.4771,-0.000242844,57.26013791124175,0.809514,6.47322e-05,157.14
ss,125.0,1.62,0.6512,1.3563,0.7051,input_stage,input_stage,1,1,0.3092,1.3995,1.0902,0.7455,1.3075,0.562,-0.000181302,58.200132525877635,0.809637,6.51458e-05,127.17
sf,-40.0,1.8,0.6597,1.3661,0.7065,input_stage,input_stage,1,1,0.385,1.3968,1.0118,0.7257,1.3489,0.6232,-0.00017135,68.32813596398796,0.899657,6.58411e-05,64.87
sf,27.0,1.8,0.6256,1.3822,0.7567,input_stage,input_stage,1,1,0.3699,1.4185,1.0486,0.7026,1.3468,0.6442,-0.00014017,67.08955040819335,0.89972,6.60192e-05,74.02
sf,125.0,1.8,0.5841,1.473,0.8889,input_stage,input_stage,1,1,0.1444,1.5149,1.3705,0.6767,1.424,0.7473,-8.9687e-05,65.40935024200023,0.899821,6.62226e-05,52.96
fs,-40.0,1.8,0.7388,1.5052,0.7664,input_stage,input_stage,1,0,0.515,1.5386,1.0236,0.8009,1.472,0.6711,-0.000229987,62.8856443338514,0.89954,6.5223e-05,211.14
fs,27.0,1.8,0.7127,1.5645,0.8518,input_stage,input_stage,1,1,0.5607,1.6019,1.0412,0.7839,1.5194,0.7355,-0.000166508,62.306867666144505,0.899667,6.54588e-05,177.55
fs,125.0,1.8,0.6877,1.6792,0.9915,input_stage,input_stage,1,1,0.5219,1.7249,1.203,0.7693,1.616,0.8468,-5.56102e-05,60.654255446574425,0.899889,6.56988e-05,171.99
