corner,temp_c,vdd_v,step_v,overshoot_pct,settle_1pct_ns,v_ofs_uv,elapsed_s
tt,-40.0,1.8,0.04,2.825565113022799,27.25599999999999,-188.103,162.32
tt,27.0,1.8,0.04,3.93348337084283,31.749000000000002,-146.312,155.91
tt,125.0,1.8,0.04,4.6687839155766575,38.06500000000002,-75.3201,129.71
ff,-40.0,1.98,0.04,2.350646427768047,25.64499999999999,-139.304,162.87
ff,27.0,1.98,0.04,3.6015306505261893,30.350000000000005,-83.0468,161.91
ff,125.0,1.98,0.04,4.752138462308075,36.852999999999994,17.8642,162.87
ss,-40.0,1.62,0.04,3.692422918487095,31.150999999999986,-331.394,57.94
ss,27.0,1.62,0.04,4.5714571207314245,34.824,-263.803,160.46
ss,125.0,1.62,0.04,4.608041582327407,40.546,-192.943,120.07
sf,-40.0,1.8,0.04,3.9482896579315767,27.266000000000002,-167.565,62.55
sf,27.0,1.8,0.04,4.868595433972724,31.27199999999999,-136.197,43.73
sf,125.0,1.8,0.04,4.7811952988247715,36.765,-85.1578,41.22
fs,-40.0,1.8,0.04,2.2004400880175816,27.542999999999996,-227.49,39.68
fs,27.0,1.8,0.04,3.303408437320309,32.499,-162.361,38.73
fs,125.0,1.8,0.04,4.436441843599026,39.52099999999997,-49.6127,38.55
