corner,temp_c,vdd_v,status,psrr_dc_0p1hz_db,psrr_1khz_db,psrr_window_min_db,psrr_db@0.1Hz,psrr_db@0.1778Hz,psrr_db@0.3162Hz,psrr_db@0.5623Hz,psrr_db@1Hz,psrr_db@1.778Hz,psrr_db@3.162Hz,psrr_db@5.623Hz,psrr_db@10Hz,psrr_db@17.78Hz,psrr_db@31.62Hz,psrr_db@56.23Hz,psrr_db@100Hz,psrr_db@177.8Hz,psrr_db@316.2Hz,psrr_db@562.3Hz,psrr_db@1000Hz,psrr_db@1778Hz,psrr_db@3162Hz,psrr_db@5623Hz,psrr_db@1e+04Hz,psrr_db@1.778e+04Hz,psrr_db@3.162e+04Hz,psrr_db@5.623e+04Hz,psrr_db@1e+05Hz,psrr_db@1.778e+05Hz,psrr_db@3.162e+05Hz,psrr_db@5.623e+05Hz,psrr_db@1e+06Hz,psrr_db@1.778e+06Hz,psrr_db@3.162e+06Hz,psrr_db@5.623e+06Hz,psrr_db@1e+07Hz,psrr_db@1.778e+07Hz,psrr_db@3.162e+07Hz,psrr_db@5.623e+07Hz,psrr_db@1e+08Hz,psrr_db@1.778e+08Hz,psrr_db@3.162e+08Hz,psrr_db@5.623e+08Hz
tt,-40,1.8,pass,74.377,74.377,74.377,74.377,74.377,74.377,74.377,74.377,74.377,74.377,74.377,74.377,74.377,74.377,74.377,74.377,74.377,74.377,74.377,74.377,74.377,74.3769,74.3768,74.3765,74.3756,74.3726,74.363,74.3328,74.2381,73.9459,73.0877,70.8575,66.2476,59.1012,50.381,41.215,32.6579,26.4475,25.0138,27.0864,29.3293,30.2878,29.9314
tt,27,1.8,pass,75.1697,75.1697,75.1697,75.1697,75.1697,75.1697,75.1697,75.1697,75.1697,75.1697,75.1697,75.1697,75.1697,75.1697,75.1697,75.1697,75.1697,75.1697,75.1697,75.1697,75.1697,75.1697,75.1695,75.1691,75.1677,75.1634,75.1496,75.1063,74.9709,74.5573,73.3748,70.4761,64.9887,57.1771,48.1511,38.9264,30.5456,25.1574,25.1047,27.6125,29.5862,30.177,29.7652
tt,125,1.8,pass,75.1547,75.1547,75.1547,75.1547,75.1547,75.1547,75.1547,75.1547,75.1547,75.1547,75.1547,75.1547,75.1547,75.1547,75.1547,75.1547,75.1547,75.1547,75.1547,75.1547,75.1547,75.1547,75.1545,75.1538,75.1519,75.1458,75.1265,75.0658,74.8767,74.3065,72.7285,69.1045,62.815,54.498,45.2983,36.1583,28.2888,24.4572,25.7888,28.3411,29.8406,30.0338,29.6002
ff,-40,1.98,pass,83.6886,83.6886,83.6886,83.6886,83.6886,83.6886,83.6886,83.6886,83.6886,83.6886,83.6886,83.6886,83.6886,83.6886,83.6886,83.6886,83.6886,83.6886,83.6886,83.6886,83.6885,83.6885,83.6882,83.6874,83.685,83.6773,83.6529,83.5765,83.3402,82.6406,80.7859,76.7983,70.255,61.8154,52.5094,43.1278,34.4743,28.065,26.1856,27.9442,30.0634,31.1173,31.0065
ff,27,1.98,pass,83.6367,83.6367,83.6367,83.6367,83.6367,83.6367,83.6367,83.6367,83.6367,83.6367,83.6367,83.6367,83.6367,83.6367,83.6367,83.6367,83.6367,83.6367,83.6367,83.6367,83.6366,83.6365,83.6362,83.6352,83.632,83.6218,83.5896,83.4888,83.1787,82.2748,79.962,75.2709,68.0708,59.2589,49.8175,40.442,31.9693,26.3264,25.9149,28.306,30.3178,31.0847,30.8482
ff,125,1.98,pass,82.8827,82.8827,82.8827,82.8827,82.8827,82.8827,82.8827,82.8827,82.8827,82.8827,82.8827,82.8827,82.8827,82.8827,82.8827,82.8827,82.8827,82.8827,82.8827,82.8827,82.8827,82.8825,82.8821,82.8808,82.8766,82.8632,82.8212,82.6899,82.2884,81.1372,78.2991,72.88,65.0933,55.9977,46.4896,37.2195,29.2106,25.1189,26.3541,28.9747,30.6194,31.0064,30.6793
ss,-40,1.62,pass,54.9005,54.9005,54.9005,54.9005,54.9005,54.9005,54.9005,54.9005,54.9005,54.9005,54.9005,54.9005,54.9005,54.9005,54.9005,54.9005,54.9005,54.9005,54.9005,54.9005,54.9005,54.9005,54.9005,54.9005,54.9003,54.8997,54.8979,54.8922,54.8743,54.8179,54.6424,54.1135,52.6523,49.2953,43.4349,35.7424,27.905,22.5042,22.1647,25.1497,28.2973,29.3864,28.6428
ss,27,1.62,pass,58.646,58.646,58.646,58.646,58.646,58.646,58.646,58.646,58.646,58.646,58.646,58.646,58.646,58.646,58.646,58.646,58.646,58.646,58.646,58.646,58.646,58.646,58.6459,58.6458,58.6455,58.6445,58.6412,58.631,58.5987,58.4973,58.1854,57.2747,54.9391,50.2126,43.0737,34.7003,26.8006,22.1657,22.9564,26.163,28.7415,29.2425,28.5648
ss,125,1.62,pass,61.4915,61.4915,61.4915,61.4915,61.4915,61.4915,61.4915,61.4915,61.4915,61.4915,61.4915,61.4915,61.4915,61.4915,61.4915,61.4915,61.4915,61.4915,61.4915,61.4915,61.4915,61.4915,61.4914,61.4913,61.4907,61.4889,61.4833,61.4655,61.4095,61.2349,60.7074,59.2388,55.8248,49.8058,41.8009,33.1999,25.7731,22.5637,24.3272,27.3217,29.0723,29.0489,28.4615
sf,-40,1.8,pass,78.1178,78.1178,78.1178,78.1178,78.1178,78.1178,78.1178,78.1178,78.1178,78.1178,78.1178,78.1178,78.1178,78.1178,78.1178,78.1178,78.1178,78.1178,78.1178,78.1178,78.1178,78.1177,78.1176,78.1172,78.1158,78.1116,78.0981,78.0557,77.923,77.5165,76.346,73.4434,67.9016,60.0152,50.9199,41.578,32.8604,26.4497,25.1668,27.5927,30.0965,31.2596,31.062
sf,27,1.8,pass,78.9725,78.9725,78.9725,78.9725,78.9725,78.9725,78.9725,78.9725,78.9725,78.9725,78.9725,78.9725,78.9725,78.9725,78.9725,78.9725,78.9725,78.9725,78.9725,78.9725,78.9724,78.9724,78.9722,78.9716,78.9696,78.9635,78.9441,78.8832,78.6933,78.1196,76.5263,72.8525,66.4794,58.0832,48.7913,39.4387,30.915,25.3444,25.426,28.2078,30.4378,31.2362,30.9426
sf,125,1.8,pass,79.2066,79.2066,79.2066,79.2066,79.2066,79.2066,79.2066,79.2066,79.2066,79.2066,79.2066,79.2066,79.2066,79.2066,79.2066,79.2066,79.2066,79.2066,79.2066,79.2066,79.2066,79.2065,79.2062,79.2054,79.2026,79.1939,79.1665,79.0803,78.8139,78.0251,75.9381,71.5093,64.4777,55.7496,46.3847,37.1779,29.2117,25.1173,26.3646,29.0837,30.8241,31.2039,30.824
fs,-40,1.8,pass,69.0503,69.0503,69.0503,69.0503,69.0503,69.0503,69.0503,69.0503,69.0503,69.0503,69.0503,69.0503,69.0503,69.0503,69.0503,69.0503,69.0503,69.0503,69.0503,69.0503,69.0503,69.0503,69.0502,69.05,69.0494,69.0476,69.0418,69.0234,68.9656,68.7856,68.2434,66.7454,63.3025,57.2723,49.209,40.3492,32.005,26.059,24.6954,26.6132,28.6919,29.4582,28.9504
fs,27,1.8,pass,70.0778,70.0778,70.0778,70.0778,70.0778,70.0778,70.0778,70.0778,70.0778,70.0778,70.0778,70.0778,70.0778,70.0778,70.0778,70.0778,70.0778,70.0778,70.0778,70.0778,70.0778,70.0778,70.0777,70.0774,70.0766,70.0739,70.0653,70.0384,69.9539,69.6925,68.9197,66.8807,62.5583,55.6717,47.1193,38.1144,29.9282,24.8055,24.7726,27.1061,28.8722,29.2653,28.7559
fs,125,1.8,pass,70.0656,70.0656,70.0656,70.0656,70.0656,70.0656,70.0656,70.0656,70.0656,70.0656,70.0656,70.0656,70.0656,70.0656,70.0656,70.0656,70.0656,70.0656,70.0656,70.0656,70.0655,70.0655,70.0654,70.065,70.0638,70.0599,70.0478,70.0095,69.8896,69.5219,68.4586,65.7916,60.5837,52.9799,44.1023,35.1097,27.4187,23.917,25.3318,27.7306,29.0083,29.0305,28.5633
