corner,temp_c,vdd_v,cm_point,vcm_v,adm_1hz_db,acm_1hz_db,cmrr_1hz_db,adm_10hz_db,acm_10hz_db,cmrr_10hz_db,adm_100hz_db,acm_100hz_db,cmrr_100hz_db,adm_1khz_db,acm_1khz_db,cmrr_1khz_db,adm_10khz_db,acm_10khz_db,cmrr_10khz_db,adm_100khz_db,acm_100khz_db,cmrr_100khz_db,adm_1mhz_db,acm_1mhz_db,cmrr_1mhz_db,gbw_hz,elapsed_s
tt,-40.0,1.8,mid,0.9,66.3477,-4.92003,71.26773,66.3477,-4.92003,71.26773,66.3474,-4.92025,71.26764999999999,66.3249,-4.94275,71.26765,64.5161,-6.75151,71.26760999999999,49.0674,-22.1934,71.2608,29.1468,-41.4627,70.6095,25958700.0,35.71
tt,27.0,1.8,mid,0.9,65.8153,-5.33471,71.15001,65.8153,-5.33471,71.15001,65.8151,-5.33497,71.15007,65.7892,-5.3608,71.14999999999999,63.767,-7.38302,71.15002,47.9432,-23.1989,71.1421,28.0113,-42.3879,70.39920000000001,22514000.0,35.21
tt,125.0,1.8,mid,0.9,64.6321,-5.6003,70.2324,64.6321,-5.60031,70.23240999999999,64.6318,-5.60059,70.23239,64.6037,-5.62871,70.23241,62.4405,-7.79184,70.23234,46.3947,-23.8283,70.223,26.4559,-42.908,69.3639,18776800.0,36.47
ff,-40.0,1.98,mid,0.99,64.9295,-9.85753,74.78703,64.9295,-9.85753,74.78703,64.9293,-9.85768,74.78698,64.9143,-9.87268,74.78698,63.6279,-11.159,74.7869,49.3732,-25.4084,74.7816,29.4928,-44.7783,74.2711,27069800.0,35.76
ff,27.0,1.98,mid,0.99,64.4484,-9.73126,74.17966000000001,64.4484,-9.73126,74.17966000000001,64.4482,-9.73144,74.17964,64.4307,-9.74893,74.17963,62.9633,-11.2162,74.17949999999999,48.2399,-25.933,74.1729,28.3416,-45.2055,73.5471,23410500.0,35.21
ff,125.0,1.98,mid,0.99,63.2836,-9.56211,72.84571,63.2836,-9.56211,72.84571,63.2835,-9.56231,72.84581,63.2642,-9.58152,72.84572,61.6761,-11.1696,72.8457,46.6754,-26.1621,72.8375,26.7665,-45.3025,72.069,19369500.0,36.56
ss,-40.0,1.62,mid,0.81,66.9763,11.8662,55.110099999999996,66.9763,11.8662,55.110099999999996,66.976,11.8659,55.1101,66.9453,11.8352,55.1101,64.6299,9.51977,55.110130000000005,48.3639,-6.74213,55.106030000000004,28.4216,-26.2882,54.7098,24010300.0,36.16
ss,27.0,1.62,mid,0.81,66.4479,8.04577,58.40213000000001,66.4479,8.04576,58.40214,66.4476,8.04542,58.402179999999994,66.4135,8.01135,58.40215,63.9056,5.50351,58.40209,47.3862,-11.0097,58.395900000000005,27.4372,-30.3716,57.808800000000005,21216100.0,35.81
ss,125.0,1.62,mid,0.81,65.2587,4.6858,60.572900000000004,65.2587,4.6858,60.572900000000004,65.2584,4.68543,60.57297,65.2221,4.64915,60.57295,62.5929,2.02009,60.57281,45.9265,-14.6379,60.5644,25.9731,-33.7909,59.763999999999996,17923300.0,33.63
sf,-40.0,1.8,mid,0.9,68.2454,-6.97874,75.22414,68.2454,-6.97874,75.22414,68.245,-6.97907,75.22407000000001,68.2126,-7.01152,75.22412,65.7958,-9.42822,75.22402,49.3932,-25.822,75.2152,29.4475,-44.9335,74.381,26473600.0,33.68
sf,27.0,1.8,mid,0.9,67.7734,-6.66023,74.43363,67.7734,-6.66023,74.43363,67.773,-6.66061,74.43361,67.7354,-6.69828,74.43368,65.0316,-9.40192,74.43352,48.2791,-26.145,74.4241,28.3248,-45.2119,73.5367,23097300.0,34.29
sf,125.0,1.8,mid,0.9,66.752,-6.50178,73.25377999999999,66.752,-6.50179,73.25379,66.7515,-6.50221,73.25371,66.7092,-6.54459,73.25379,63.7622,-9.49144,73.25364,46.7495,-26.4937,73.2432,26.7889,-45.4891,72.278,19463700.0,34.34
fs,-40.0,1.8,mid,0.9,63.4889,-3.15737,66.64627,63.4889,-3.15737,66.64627,63.4888,-3.1575,66.6463,63.476,-3.17021,66.64621,62.362,-4.28418,66.64618,48.6282,-18.0126,66.6408,28.7692,-37.3489,66.1181,25107000.0,34.33
fs,27.0,1.8,mid,0.9,62.9451,-4.0908,67.0359,62.9451,-4.0908,67.0359,62.945,-4.09095,67.03595,62.9304,-4.10555,67.03595,61.6733,-5.36251,67.03581,47.5016,-19.5277,67.0293,27.6236,-38.7867,66.4103,21759900.0,34.63
fs,125.0,1.8,mid,0.9,61.6392,-4.71855,66.35775,61.6392,-4.71856,66.35776,61.639,-4.71871,66.35771,61.6235,-4.73423,66.35773,60.2983,-6.05938,66.35768,45.9369,-20.4129,66.3498,26.0501,-39.5577,65.6078,17989000.0,34.94
tt,-40.0,1.8,window,0.956,66.1731,-8.92688,75.09998,66.1731,-8.92688,75.09998,66.1729,-8.92709,75.09998999999999,66.1518,-8.94825,75.10005,64.4314,-10.6685,75.09989999999999,49.1541,-25.9384,75.0925,29.2386,-45.152,74.3906,26196100.0,39.7
tt,27.0,1.8,window,0.956,65.6577,-8.43507,74.09277,65.6577,-8.43507,74.09277,65.6575,-8.43532,74.09282,65.633,-8.45979,74.09279,63.6962,-10.3965,74.0927,48.0166,-26.0678,74.08439999999999,28.0887,-45.218,73.3067,22692300.0,40.31
tt,125.0,1.8,window,0.956,64.4937,-8.00752,72.50122,64.4937,-8.00752,72.50122,64.4934,-8.00779,72.50119,64.4666,-8.0346,72.5012,62.3841,-10.1171,72.5012,46.4631,-26.0286,72.4917,26.5275,-45.0864,71.6139,18909800.0,39.75
ff,-40.0,1.98,window,0.956,64.9832,-8.77729,73.76049,64.9832,-8.77729,73.76049,64.983,-8.77745,73.76045,64.9677,-8.79279,73.76048999999999,63.6558,-10.1046,73.7604,49.3308,-24.4244,73.7552,29.4477,-43.8038,73.25150000000001,26942000.0,40.2
ff,27.0,1.98,window,0.956,64.5014,-8.79153,73.29293,64.5014,-8.79154,73.29294,64.5012,-8.79171,73.29290999999999,64.4834,-8.80958,73.29298,62.9895,-10.3034,73.2929,48.2031,-25.0833,73.2864,28.3026,-44.3695,72.6721,23312900.0,39.75
ff,125.0,1.98,window,0.956,63.3323,-8.74802,72.08032,63.3323,-8.74802,72.08032,63.3321,-8.74822,72.08032,63.3125,-8.76781,72.08031,61.698,-10.3822,72.0802,46.64,-25.4322,72.07220000000001,26.7292,-44.588,71.3172,19295500.0,40.6
ss,-40.0,1.62,window,0.956,65.5688,-11.6216,77.1904,65.5688,-11.6216,77.1904,65.5686,-11.6218,77.19040000000001,65.5488,-11.6416,77.1904,63.9226,-13.2679,77.1905,48.8395,-28.3596,77.1991,28.9297,-49.1641,78.0938,25089900.0,40.3
ss,27.0,1.62,window,0.956,65.4591,-16.2971,81.7562,65.4591,-16.2971,81.7562,65.4588,-16.2974,81.75619999999999,65.4338,-16.3224,81.7562,63.4628,-18.2931,81.7559,47.7245,-34.002,81.7265,27.7946,-51.5716,79.36619999999999,21877100.0,39.55
ss,125.0,1.62,window,0.956,64.4901,-9.38689,73.87698999999999,64.4901,-9.38689,73.87698999999999,64.4898,-9.38718,73.87698,64.4613,-9.41568,73.87697999999999,62.2754,-11.6014,73.8768,46.1958,-27.6679,73.8637,26.256,-46.4168,72.6728,18390900.0,39.5
sf,-40.0,1.8,window,0.956,67.9629,-11.987,79.9499,67.9629,-11.987,79.9499,67.9626,-11.9873,79.9499,67.9327,-12.0172,79.9499,65.6639,-14.2858,79.94969999999999,49.4635,-30.474,79.9375,29.5227,-49.2977,78.8204,26672800.0,40.15
sf,27.0,1.8,window,0.956,67.5386,-9.80746,77.34606000000001,67.5385,-9.80746,77.34596,67.5382,-9.80782,77.34602000000001,67.503,-9.84298,77.34598,64.9346,-12.4113,77.3459,48.3406,-28.9943,77.3349,28.3898,-47.9323,76.3221,23250900.0,40.53
sf,125.0,1.8,window,0.956,66.5538,-8.64056,75.19435999999999,66.5538,-8.64057,75.19436999999999,66.5534,-8.64097,75.19436999999999,66.5135,-8.68089,75.19439,63.6916,-11.5027,75.1943,46.8089,-28.3744,75.1833,26.851,-47.3113,74.1623,19581600.0,40.69
fs,-40.0,1.8,window,0.956,63.3643,-7.86028,71.22458,63.3643,-7.86028,71.22458,63.3642,-7.8604,71.2246,63.3521,-7.87244,71.22454,62.2911,-8.93339,71.22449,48.7356,-22.4833,71.21889999999999,28.8846,-41.7943,70.6789,25393500.0,39.93
fs,27.0,1.8,window,0.956,62.8227,-7.91623,70.73893,62.8227,-7.91623,70.73893,62.8225,-7.91637,70.73886999999999,62.8086,-7.93026,70.73886,61.6049,-9.13398,70.73888,47.5894,-23.1428,70.7322,27.7177,-42.3837,70.1014,21949900.0,40.13
fs,125.0,1.8,window,0.956,61.5223,-7.81593,69.33823,61.5223,-7.81593,69.33823,61.5221,-7.81608,69.33818000000001,61.5073,-7.8309,69.3382,60.2338,-9.1043,69.3381,46.0153,-23.3149,69.3302,26.134,-42.4503,68.5843,18138900.0,40.83
